Workbook

Sheet Correction factors
A1: CAE bench: correction factors
A4: Measured serial emission rate (Hz) | B4: 4.839 | C4: Mean across all 11 runs: samples divided by run duration. Blue = the one measured input.
A5: Counting window (s) | B5: =1/B4 -> 0.20665427 | C5: What the Arduino delay(200) loop actually delivers.
A6: Window assumed in CAEPC.py (s) | B6: 1 | C6: Implied by rpm = (ir_pulse_count * 60) / 3.
A7: RPM correction factor | B7: =B6/B5 -> 4.839 | C7: Multiply every logged RPM by this to get true engine speed.
A8: Flow as coded, per pulse | B8: =60/7.5 -> 8 | C8: What the sketch computes per pulse.
A9: Flow correct, per pulse (L/min) | B9: =1/(B5*7.5) -> 0.6452 | C9: YF-S201 datasheet: L/min = Hz / 7.5.
A10: Flow correction factor | B10: =B8/B9 -> 12.399256 | C10: Divide every logged flow by this to get true L/min.
A11: Logged speed quantisation (rpm) | B11: 20 | C11: Every one of the 3122 samples is an exact multiple of this.
A12: True speed quantisation (rpm) | B12: =B11*B7 -> 96.78 | C12: The real resolution of the three-interrupter IR channel.
A15: Every data sheet applies these by reference, so editing B4 rescales the whole workbook.
A17: Source: github.com/AartCodes/RUG-Pneumatic-Engine-experiment at 270cbc5. Original columns are preserved unchanged.

Sheet Run summary
A1: Run | B1: Setpoint (rpm) | C1: Steady-state RPM as logged | D1: Steady-state RPM corrected | E1: Mean |error| 40-60 s | F1: Mean tank pressure (bar) | G1: Samples
A2: DATACAE | B2: 200 | C2: 207.6 | D2: 1005 | E2: 7.58 | F2: 4.8 | G2: 282
A3: Result100 | B3: 100 | C3: 98 | D3: 474 | E3: 97.08 | F3: 5.83 | G3: 285
A4: Result10bar | B4: 200 | C4: 200.8 | D4: 972 | E4: 13.68 | F4: 5.3 | G4: 283
A5: Result11 | B5: 200 | C5: 198.8 | D5: 962 | E5: 6.53 | F5: 5.1 | G5: 284
A6: Result31 | B6: 200 | C6: 197.4 | D6: 955 | E6: 5.83 | F6: 5.19 | G6: 284
A7: Result32 | B7: 200 | C7: 197.6 | D7: 956 | E7: 6.12 | F7: 5.04 | G7: 284
A8: Result33 | B8: 200 | C8: 198.2 | D8: 959 | E8: 4.29 | F8: 5.15 | G8: 284
A9: Result34 | B9: 200 | C9: 199 | D9: 963 | E9: 3.51 | F9: 5.15 | G9: 283
A10: Result400 | B10: 400 | C10: 346.3 | D10: 1676 | E10: 53.96 | F10: 2.41 | G10: 285
A11: ResultNoPID | B11: 200 | C11: 301.8 | D11: 1461 | E11: 100.62 | F11: 1.73 | G11: 284
A12: ResultNoPID2 | B12: 200 | C12: 336.5 | D12: 1629 | E12: 136.49 | F12: 1.78 | G12: 284

Sheet DATACAE
A1: Time (s) | B1: RPM as logged | C1: RPM corrected | D1: Pressure (Bar) | E1: Flow as logged (mislabelled L/m) | F1: Flow corrected (L/min) | G1: Servo Position
A2: 1.4192829 | B2: 0 | C2: =B2*'Correction factors'!$B$7 -> 0 | D2: 1.05893 | E2: 0 | F2: =E2/'Correction factors'!$B$10 -> 0 | G2: 510
A3: 1.9206259 | B3: 0 | C3: =B3*'Correction factors'!$B$7 -> 0 | D3: 1.049108 | E3: 0 | F3: =E3/'Correction factors'!$B$10 -> 0 | G3: 237
A4: 1.9206259 | B4: 0 | C4: =B4*'Correction factors'!$B$7 -> 0 | D4: 1.05893 | E4: 0 | F4: =E4/'Correction factors'!$B$10 -> 0 | G4: 241
A5: 1.9206259 | B5: 0 | C5: =B5*'Correction factors'!$B$7 -> 0 | D5: 1.05893 | E5: 0 | F5: =E5/'Correction factors'!$B$10 -> 0 | G5: 245
A6: 2.4792025 | B6: 0 | C6: =B6*'Correction factors'!$B$7 -> 0 | D6: 1.05893 | E6: 0 | F6: =E6/'Correction factors'!$B$10 -> 0 | G6: 255
A7: 2.4792025 | B7: 0 | C7: =B7*'Correction factors'!$B$7 -> 0 | D7: 1.05893 | E7: 0 | F7: =E7/'Correction factors'!$B$10 -> 0 | G7: 256
A8: 2.907737 | B8: 0 | C8: =B8*'Correction factors'!$B$7 -> 0 | D8: 1.05893 | E8: 0 | F8: =E8/'Correction factors'!$B$10 -> 0 | G8: 265
A9: 2.907737 | B9: 0 | C9: =B9*'Correction factors'!$B$7 -> 0 | D9: 1.05893 | E9: 0 | F9: =E9/'Correction factors'!$B$10 -> 0 | G9: 266
A10: 2.907737 | B10: 0 | C10: =B10*'Correction factors'!$B$7 -> 0 | D10: 1.049108 | E10: 0 | F10: =E10/'Correction factors'!$B$10 -> 0 | G10: 279
A11: 3.4147153 | B11: 0 | C11: =B11*'Correction factors'!$B$7 -> 0 | D11: 1.05893 | E11: 0 | F11: =E11/'Correction factors'!$B$10 -> 0 | G11: 284
A12: 3.4147153 | B12: 0 | C12: =B12*'Correction factors'!$B$7 -> 0 | D12: 1.05893 | E12: 0 | F12: =E12/'Correction factors'!$B$10 -> 0 | G12: 286
A13: 3.8831704 | B13: 0 | C13: =B13*'Correction factors'!$B$7 -> 0 | D13: 1.05893 | E13: 0 | F13: =E13/'Correction factors'!$B$10 -> 0 | G13: 298
... A283: 59.577388 | B283: 200 | C283: =B283*'Correction factors'!$B$7 -> 967.8 | D283: 4.44738 | E283: 104 | F283: =E283/'Correction factors'!$B$10 -> 8.3876 | G283: 371

Sheet Result100
A1: Time (s) | B1: RPM as logged | C1: RPM corrected | D1: Pressure (Bar) | E1: Flow as logged (mislabelled L/m) | F1: Flow corrected (L/min) | G1: Servo Position
A2: 0.29476643 | B2: 0 | C2: =B2*'Correction factors'!$B$7 -> 0 | D2: 1.049108 | E2: 0 | F2: =E2/'Correction factors'!$B$10 -> 0 | G2: 509
A3: 0.29476643 | B3: 0 | C3: =B3*'Correction factors'!$B$7 -> 0 | D3: 1.049108 | E3: 0 | F3: =E3/'Correction factors'!$B$10 -> 0 | G3: 494
A4: 1.645946 | B4: 0 | C4: =B4*'Correction factors'!$B$7 -> 0 | D4: 1.049108 | E4: 0 | F4: =E4/'Correction factors'!$B$10 -> 0 | G4: 243
A5: 1.645946 | B5: 0 | C5: =B5*'Correction factors'!$B$7 -> 0 | D5: 1.068751 | E5: 0 | F5: =E5/'Correction factors'!$B$10 -> 0 | G5: 245
A6: 2.1520305 | B6: 0 | C6: =B6*'Correction factors'!$B$7 -> 0 | D6: 1.05893 | E6: 0 | F6: =E6/'Correction factors'!$B$10 -> 0 | G6: 253
A7: 2.1520305 | B7: 0 | C7: =B7*'Correction factors'!$B$7 -> 0 | D7: 1.05893 | E7: 0 | F7: =E7/'Correction factors'!$B$10 -> 0 | G7: 256
A8: 2.1520305 | B8: 0 | C8: =B8*'Correction factors'!$B$7 -> 0 | D8: 1.05893 | E8: 0 | F8: =E8/'Correction factors'!$B$10 -> 0 | G8: 262
A9: 2.6321781 | B9: 0 | C9: =B9*'Correction factors'!$B$7 -> 0 | D9: 1.05893 | E9: 0 | F9: =E9/'Correction factors'!$B$10 -> 0 | G9: 273
A10: 2.6321781 | B10: 0 | C10: =B10*'Correction factors'!$B$7 -> 0 | D10: 1.05893 | E10: 0 | F10: =E10/'Correction factors'!$B$10 -> 0 | G10: 275
A11: 3.0619934 | B11: 0 | C11: =B11*'Correction factors'!$B$7 -> 0 | D11: 1.049108 | E11: 0 | F11: =E11/'Correction factors'!$B$10 -> 0 | G11: 285
A12: 3.0619934 | B12: 0 | C12: =B12*'Correction factors'!$B$7 -> 0 | D12: 1.05893 | E12: 0 | F12: =E12/'Correction factors'!$B$10 -> 0 | G12: 286
A13: 3.5093193 | B13: 0 | C13: =B13*'Correction factors'!$B$7 -> 0 | D13: 1.049108 | E13: 0 | F13: =E13/'Correction factors'!$B$10 -> 0 | G13: 297
... A286: 59.516562 | B286: 0 | C286: =B286*'Correction factors'!$B$7 -> 0 | D286: 5.842046 | E286: 40 | F286: =E286/'Correction factors'!$B$10 -> 3.226 | G286: 364

Sheet Result10bar
A1: Time (s) | B1: RPM as logged | C1: RPM corrected | D1: Pressure (Bar) | E1: Flow as logged (mislabelled L/m) | F1: Flow corrected (L/min) | G1: Servo Position
A2: 1.4102559 | B2: 0 | C2: =B2*'Correction factors'!$B$7 -> 0 | D2: 9.947474 | E2: 0 | F2: =E2/'Correction factors'!$B$10 -> 0 | G2: 507
A3: 1.8963499 | B3: 0 | C3: =B3*'Correction factors'!$B$7 -> 0 | D3: 9.957294 | E3: 0 | F3: =E3/'Correction factors'!$B$10 -> 0 | G3: 237
A4: 1.8963499 | B4: 0 | C4: =B4*'Correction factors'!$B$7 -> 0 | D4: 9.957294 | E4: 0 | F4: =E4/'Correction factors'!$B$10 -> 0 | G4: 239
A5: 1.8963499 | B5: 0 | C5: =B5*'Correction factors'!$B$7 -> 0 | D5: 9.937652 | E5: 0 | F5: =E5/'Correction factors'!$B$10 -> 0 | G5: 249
A6: 2.486202 | B6: 0 | C6: =B6*'Correction factors'!$B$7 -> 0 | D6: 9.947474 | E6: 0 | F6: =E6/'Correction factors'!$B$10 -> 0 | G6: 253
A7: 2.486202 | B7: 0 | C7: =B7*'Correction factors'!$B$7 -> 0 | D7: 9.947474 | E7: 0 | F7: =E7/'Correction factors'!$B$10 -> 0 | G7: 255
A8: 2.930768 | B8: 0 | C8: =B8*'Correction factors'!$B$7 -> 0 | D8: 9.937652 | E8: 0 | F8: =E8/'Correction factors'!$B$10 -> 0 | G8: 266
A9: 2.930768 | B9: 0 | C9: =B9*'Correction factors'!$B$7 -> 0 | D9: 9.947474 | E9: 0 | F9: =E9/'Correction factors'!$B$10 -> 0 | G9: 268
A10: 2.930768 | B10: 0 | C10: =B10*'Correction factors'!$B$7 -> 0 | D10: 9.937652 | E10: 0 | F10: =E10/'Correction factors'!$B$10 -> 0 | G10: 277
A11: 3.4494388 | B11: 0 | C11: =B11*'Correction factors'!$B$7 -> 0 | D11: 9.927831 | E11: 0 | F11: =E11/'Correction factors'!$B$10 -> 0 | G11: 285
A12: 3.4494388 | B12: 0 | C12: =B12*'Correction factors'!$B$7 -> 0 | D12: 9.908186 | E12: 0 | F12: =E12/'Correction factors'!$B$10 -> 0 | G12: 286
A13: 3.9042971 | B13: 0 | C13: =B13*'Correction factors'!$B$7 -> 0 | D13: 9.927831 | E13: 0 | F13: =E13/'Correction factors'!$B$10 -> 0 | G13: 297
... A284: 59.564156 | B284: 200 | C284: =B284*'Correction factors'!$B$7 -> 967.8 | D284: 5.075962 | E284: 88 | F284: =E284/'Correction factors'!$B$10 -> 7.0972 | G284: 355

Sheet Result11
A1: Time (s) | B1: RPM as logged | C1: RPM corrected | D1: Pressure (Bar) | E1: Flow as logged (mislabelled L/m) | F1: Flow corrected (L/min) | G1: Servo Position
A2: 1.3900881 | B2: 0 | C2: =B2*'Correction factors'!$B$7 -> 0 | D2: 1.05893 | E2: 0 | F2: =E2/'Correction factors'!$B$10 -> 0 | G2: 508
A3: 1.8229156 | B3: 0 | C3: =B3*'Correction factors'!$B$7 -> 0 | D3: 1.05893 | E3: 0 | F3: =E3/'Correction factors'!$B$10 -> 0 | G3: 238
A4: 1.8229156 | B4: 0 | C4: =B4*'Correction factors'!$B$7 -> 0 | D4: 1.049108 | E4: 0 | F4: =E4/'Correction factors'!$B$10 -> 0 | G4: 241
A5: 2.32042 | B5: 0 | C5: =B5*'Correction factors'!$B$7 -> 0 | D5: 1.049108 | E5: 0 | F5: =E5/'Correction factors'!$B$10 -> 0 | G5: 249
A6: 2.32042 | B6: 0 | C6: =B6*'Correction factors'!$B$7 -> 0 | D6: 1.049108 | E6: 0 | F6: =E6/'Correction factors'!$B$10 -> 0 | G6: 250
A7: 2.32042 | B7: 0 | C7: =B7*'Correction factors'!$B$7 -> 0 | D7: 1.05893 | E7: 0 | F7: =E7/'Correction factors'!$B$10 -> 0 | G7: 256
A8: 2.7707171 | B8: 0 | C8: =B8*'Correction factors'!$B$7 -> 0 | D8: 1.049108 | E8: 0 | F8: =E8/'Correction factors'!$B$10 -> 0 | G8: 266
A9: 2.7707171 | B9: 0 | C9: =B9*'Correction factors'!$B$7 -> 0 | D9: 1.049108 | E9: 0 | F9: =E9/'Correction factors'!$B$10 -> 0 | G9: 269
A10: 3.1977966 | B10: 0 | C10: =B10*'Correction factors'!$B$7 -> 0 | D10: 1.049108 | E10: 0 | F10: =E10/'Correction factors'!$B$10 -> 0 | G10: 279
A11: 3.1977966 | B11: 0 | C11: =B11*'Correction factors'!$B$7 -> 0 | D11: 1.05893 | E11: 0 | F11: =E11/'Correction factors'!$B$10 -> 0 | G11: 278
A12: 3.6455007 | B12: 0 | C12: =B12*'Correction factors'!$B$7 -> 0 | D12: 1.049108 | E12: 0 | F12: =E12/'Correction factors'!$B$10 -> 0 | G12: 291
A13: 3.6455007 | B13: 0 | C13: =B13*'Correction factors'!$B$7 -> 0 | D13: 1.05893 | E13: 0 | F13: =E13/'Correction factors'!$B$10 -> 0 | G13: 293
... A285: 59.954676 | B285: 200 | C285: =B285*'Correction factors'!$B$7 -> 967.8 | D285: 4.840244 | E285: 88 | F285: =E285/'Correction factors'!$B$10 -> 7.0972 | G285: 365

Sheet Result31
A1: Time (s) | B1: RPM as logged | C1: RPM corrected | D1: Pressure (Bar) | E1: Flow as logged (mislabelled L/m) | F1: Flow corrected (L/min) | G1: Servo Position
A2: 1.3836865 | B2: 0 | C2: =B2*'Correction factors'!$B$7 -> 0 | D2: 1.05893 | E2: 0 | F2: =E2/'Correction factors'!$B$10 -> 0 | G2: 510
A3: 1.8307259 | B3: 0 | C3: =B3*'Correction factors'!$B$7 -> 0 | D3: 1.049108 | E3: 0 | F3: =E3/'Correction factors'!$B$10 -> 0 | G3: 238
A4: 1.8307259 | B4: 0 | C4: =B4*'Correction factors'!$B$7 -> 0 | D4: 1.049108 | E4: 0 | F4: =E4/'Correction factors'!$B$10 -> 0 | G4: 239
A5: 2.3322315 | B5: 0 | C5: =B5*'Correction factors'!$B$7 -> 0 | D5: 1.049108 | E5: 0 | F5: =E5/'Correction factors'!$B$10 -> 0 | G5: 249
A6: 2.3322315 | B6: 0 | C6: =B6*'Correction factors'!$B$7 -> 0 | D6: 1.039286 | E6: 0 | F6: =E6/'Correction factors'!$B$10 -> 0 | G6: 251
A7: 2.3322315 | B7: 0 | C7: =B7*'Correction factors'!$B$7 -> 0 | D7: 1.049108 | E7: 0 | F7: =E7/'Correction factors'!$B$10 -> 0 | G7: 256
A8: 2.8032811 | B8: 0 | C8: =B8*'Correction factors'!$B$7 -> 0 | D8: 1.049108 | E8: 0 | F8: =E8/'Correction factors'!$B$10 -> 0 | G8: 266
A9: 2.8032811 | B9: 0 | C9: =B9*'Correction factors'!$B$7 -> 0 | D9: 1.05893 | E9: 0 | F9: =E9/'Correction factors'!$B$10 -> 0 | G9: 268
A10: 3.2419779 | B10: 0 | C10: =B10*'Correction factors'!$B$7 -> 0 | D10: 1.049108 | E10: 0 | F10: =E10/'Correction factors'!$B$10 -> 0 | G10: 281
A11: 3.2419779 | B11: 0 | C11: =B11*'Correction factors'!$B$7 -> 0 | D11: 1.05893 | E11: 0 | F11: =E11/'Correction factors'!$B$10 -> 0 | G11: 281
A12: 3.6974151 | B12: 0 | C12: =B12*'Correction factors'!$B$7 -> 0 | D12: 1.049108 | E12: 0 | F12: =E12/'Correction factors'!$B$10 -> 0 | G12: 290
A13: 3.6974151 | B13: 0 | C13: =B13*'Correction factors'!$B$7 -> 0 | D13: 1.049108 | E13: 0 | F13: =E13/'Correction factors'!$B$10 -> 0 | G13: 293
... A285: 59.923659 | B285: 200 | C285: =B285*'Correction factors'!$B$7 -> 967.8 | D285: 4.899173 | E285: 56 | F285: =E285/'Correction factors'!$B$10 -> 4.5164 | G285: 362

Sheet Result32
A1: Time (s) | B1: RPM as logged | C1: RPM corrected | D1: Pressure (Bar) | E1: Flow as logged (mislabelled L/m) | F1: Flow corrected (L/min) | G1: Servo Position
A2: 1.393307 | B2: 0 | C2: =B2*'Correction factors'!$B$7 -> 0 | D2: 1.05893 | E2: 0 | F2: =E2/'Correction factors'!$B$10 -> 0 | G2: 508
A3: 1.8340232 | B3: 0 | C3: =B3*'Correction factors'!$B$7 -> 0 | D3: 1.05893 | E3: 0 | F3: =E3/'Correction factors'!$B$10 -> 0 | G3: 238
A4: 1.8340232 | B4: 0 | C4: =B4*'Correction factors'!$B$7 -> 0 | D4: 1.049108 | E4: 0 | F4: =E4/'Correction factors'!$B$10 -> 0 | G4: 241
A5: 2.34762 | B5: 0 | C5: =B5*'Correction factors'!$B$7 -> 0 | D5: 1.068751 | E5: 0 | F5: =E5/'Correction factors'!$B$10 -> 0 | G5: 248
A6: 2.34762 | B6: 0 | C6: =B6*'Correction factors'!$B$7 -> 0 | D6: 1.049108 | E6: 0 | F6: =E6/'Correction factors'!$B$10 -> 0 | G6: 249
A7: 2.34762 | B7: 0 | C7: =B7*'Correction factors'!$B$7 -> 0 | D7: 1.05893 | E7: 0 | F7: =E7/'Correction factors'!$B$10 -> 0 | G7: 256
A8: 2.8046312 | B8: 0 | C8: =B8*'Correction factors'!$B$7 -> 0 | D8: 1.05893 | E8: 0 | F8: =E8/'Correction factors'!$B$10 -> 0 | G8: 266
A9: 2.8046312 | B9: 0 | C9: =B9*'Correction factors'!$B$7 -> 0 | D9: 1.05893 | E9: 0 | F9: =E9/'Correction factors'!$B$10 -> 0 | G9: 266
A10: 3.2633154 | B10: 0 | C10: =B10*'Correction factors'!$B$7 -> 0 | D10: 1.05893 | E10: 0 | F10: =E10/'Correction factors'!$B$10 -> 0 | G10: 279
A11: 3.2633154 | B11: 0 | C11: =B11*'Correction factors'!$B$7 -> 0 | D11: 1.049108 | E11: 0 | F11: =E11/'Correction factors'!$B$10 -> 0 | G11: 283
A12: 3.7385631 | B12: 0 | C12: =B12*'Correction factors'!$B$7 -> 0 | D12: 1.05893 | E12: 0 | F12: =E12/'Correction factors'!$B$10 -> 0 | G12: 290
A13: 3.7385631 | B13: 0 | C13: =B13*'Correction factors'!$B$7 -> 0 | D13: 1.05893 | E13: 0 | F13: =E13/'Correction factors'!$B$10 -> 0 | G13: 293
... A285: 59.89098 | B285: 200 | C285: =B285*'Correction factors'!$B$7 -> 967.8 | D285: 4.771492 | E285: 56 | F285: =E285/'Correction factors'!$B$10 -> 4.5164 | G285: 365

Sheet Result33
A1: Time (s) | B1: RPM as logged | C1: RPM corrected | D1: Pressure (Bar) | E1: Flow as logged (mislabelled L/m) | F1: Flow corrected (L/min) | G1: Servo Position
A2: 1.4100933 | B2: 0 | C2: =B2*'Correction factors'!$B$7 -> 0 | D2: 1.05893 | E2: 0 | F2: =E2/'Correction factors'!$B$10 -> 0 | G2: 509
A3: 1.8738945 | B3: 0 | C3: =B3*'Correction factors'!$B$7 -> 0 | D3: 1.049108 | E3: 0 | F3: =E3/'Correction factors'!$B$10 -> 0 | G3: 237
A4: 1.8738945 | B4: 0 | C4: =B4*'Correction factors'!$B$7 -> 0 | D4: 1.068751 | E4: 0 | F4: =E4/'Correction factors'!$B$10 -> 0 | G4: 241
A5: 1.8738945 | B5: 0 | C5: =B5*'Correction factors'!$B$7 -> 0 | D5: 1.05893 | E5: 0 | F5: =E5/'Correction factors'!$B$10 -> 0 | G5: 248
A6: 2.4542074 | B6: 0 | C6: =B6*'Correction factors'!$B$7 -> 0 | D6: 1.049108 | E6: 0 | F6: =E6/'Correction factors'!$B$10 -> 0 | G6: 253
A7: 2.4542074 | B7: 0 | C7: =B7*'Correction factors'!$B$7 -> 0 | D7: 1.049108 | E7: 0 | F7: =E7/'Correction factors'!$B$10 -> 0 | G7: 255
A8: 2.8836415 | B8: 0 | C8: =B8*'Correction factors'!$B$7 -> 0 | D8: 1.049108 | E8: 0 | F8: =E8/'Correction factors'!$B$10 -> 0 | G8: 265
A9: 2.8836415 | B9: 0 | C9: =B9*'Correction factors'!$B$7 -> 0 | D9: 1.068751 | E9: 0 | F9: =E9/'Correction factors'!$B$10 -> 0 | G9: 268
A10: 2.8836415 | B10: 0 | C10: =B10*'Correction factors'!$B$7 -> 0 | D10: 1.049108 | E10: 0 | F10: =E10/'Correction factors'!$B$10 -> 0 | G10: 278
A11: 3.4055574 | B11: 0 | C11: =B11*'Correction factors'!$B$7 -> 0 | D11: 1.049108 | E11: 0 | F11: =E11/'Correction factors'!$B$10 -> 0 | G11: 285
A12: 3.4055574 | B12: 0 | C12: =B12*'Correction factors'!$B$7 -> 0 | D12: 1.05893 | E12: 0 | F12: =E12/'Correction factors'!$B$10 -> 0 | G12: 288
A13: 3.8595424 | B13: 0 | C13: =B13*'Correction factors'!$B$7 -> 0 | D13: 1.05893 | E13: 0 | F13: =E13/'Correction factors'!$B$10 -> 0 | G13: 297
... A285: 59.840066 | B285: 200 | C285: =B285*'Correction factors'!$B$7 -> 967.8 | D285: 4.869708 | E285: 80 | F285: =E285/'Correction factors'!$B$10 -> 6.452 | G285: 364

Sheet Result34
A1: Time (s) | B1: RPM as logged | C1: RPM corrected | D1: Pressure (Bar) | E1: Flow as logged (mislabelled L/m) | F1: Flow corrected (L/min) | G1: Servo Position
A2: 1.522752 | B2: 0 | C2: =B2*'Correction factors'!$B$7 -> 0 | D2: 1.049108 | E2: 0 | F2: =E2/'Correction factors'!$B$10 -> 0 | G2: 510
A3: 1.522752 | B3: 0 | C3: =B3*'Correction factors'!$B$7 -> 0 | D3: 1.05893 | E3: 0 | F3: =E3/'Correction factors'!$B$10 -> 0 | G3: 481
A4: 2.048187 | B4: 0 | C4: =B4*'Correction factors'!$B$7 -> 0 | D4: 1.05893 | E4: 0 | F4: =E4/'Correction factors'!$B$10 -> 0 | G4: 243
A5: 2.048187 | B5: 0 | C5: =B5*'Correction factors'!$B$7 -> 0 | D5: 1.049108 | E5: 0 | F5: =E5/'Correction factors'!$B$10 -> 0 | G5: 245
A6: 2.5407295 | B6: 0 | C6: =B6*'Correction factors'!$B$7 -> 0 | D6: 1.05893 | E6: 0 | F6: =E6/'Correction factors'!$B$10 -> 0 | G6: 255
A7: 2.5407295 | B7: 0 | C7: =B7*'Correction factors'!$B$7 -> 0 | D7: 1.049108 | E7: 0 | F7: =E7/'Correction factors'!$B$10 -> 0 | G7: 256
A8: 2.5407295 | B8: 0 | C8: =B8*'Correction factors'!$B$7 -> 0 | D8: 1.049108 | E8: 0 | F8: =E8/'Correction factors'!$B$10 -> 0 | G8: 263
A9: 3.0323942 | B9: 0 | C9: =B9*'Correction factors'!$B$7 -> 0 | D9: 1.05893 | E9: 0 | F9: =E9/'Correction factors'!$B$10 -> 0 | G9: 273
A10: 3.0323942 | B10: 0 | C10: =B10*'Correction factors'!$B$7 -> 0 | D10: 1.05893 | E10: 0 | F10: =E10/'Correction factors'!$B$10 -> 0 | G10: 275
A11: 3.5006418 | B11: 0 | C11: =B11*'Correction factors'!$B$7 -> 0 | D11: 1.05893 | E11: 0 | F11: =E11/'Correction factors'!$B$10 -> 0 | G11: 288
A12: 3.5006418 | B12: 0 | C12: =B12*'Correction factors'!$B$7 -> 0 | D12: 1.05893 | E12: 0 | F12: =E12/'Correction factors'!$B$10 -> 0 | G12: 286
A13: 3.9807448 | B13: 0 | C13: =B13*'Correction factors'!$B$7 -> 0 | D13: 1.05893 | E13: 0 | F13: =E13/'Correction factors'!$B$10 -> 0 | G13: 298
... A284: 59.66627 | B284: 200 | C284: =B284*'Correction factors'!$B$7 -> 967.8 | D284: 4.899173 | E284: 72 | F284: =E284/'Correction factors'!$B$10 -> 5.8068 | G284: 360

Sheet Result400
A1: Time (s) | B1: RPM as logged | C1: RPM corrected | D1: Pressure (Bar) | E1: Flow as logged (mislabelled L/m) | F1: Flow corrected (L/min) | G1: Servo Position
A2: 0.30135369 | B2: 0 | C2: =B2*'Correction factors'!$B$7 -> 0 | D2: 1.05893 | E2: 0 | F2: =E2/'Correction factors'!$B$10 -> 0 | G2: 506
A3: 0.30135369 | B3: 0 | C3: =B3*'Correction factors'!$B$7 -> 0 | D3: 1.05893 | E3: 0 | F3: =E3/'Correction factors'!$B$10 -> 0 | G3: 485
A4: 1.6755078 | B4: 0 | C4: =B4*'Correction factors'!$B$7 -> 0 | D4: 1.049108 | E4: 0 | F4: =E4/'Correction factors'!$B$10 -> 0 | G4: 243
A5: 1.6755078 | B5: 0 | C5: =B5*'Correction factors'!$B$7 -> 0 | D5: 1.05893 | E5: 0 | F5: =E5/'Correction factors'!$B$10 -> 0 | G5: 246
A6: 1.6755078 | B6: 0 | C6: =B6*'Correction factors'!$B$7 -> 0 | D6: 1.05893 | E6: 0 | F6: =E6/'Correction factors'!$B$10 -> 0 | G6: 253
A7: 2.2521505 | B7: 0 | C7: =B7*'Correction factors'!$B$7 -> 0 | D7: 1.049108 | E7: 0 | F7: =E7/'Correction factors'!$B$10 -> 0 | G7: 259
A8: 2.2521505 | B8: 0 | C8: =B8*'Correction factors'!$B$7 -> 0 | D8: 1.05893 | E8: 0 | F8: =E8/'Correction factors'!$B$10 -> 0 | G8: 262
A9: 2.6861942 | B9: 0 | C9: =B9*'Correction factors'!$B$7 -> 0 | D9: 1.05893 | E9: 0 | F9: =E9/'Correction factors'!$B$10 -> 0 | G9: 272
A10: 2.6861942 | B10: 0 | C10: =B10*'Correction factors'!$B$7 -> 0 | D10: 1.049108 | E10: 0 | F10: =E10/'Correction factors'!$B$10 -> 0 | G10: 275
A11: 3.132139 | B11: 0 | C11: =B11*'Correction factors'!$B$7 -> 0 | D11: 1.05893 | E11: 0 | F11: =E11/'Correction factors'!$B$10 -> 0 | G11: 285
A12: 3.132139 | B12: 0 | C12: =B12*'Correction factors'!$B$7 -> 0 | D12: 1.049108 | E12: 0 | F12: =E12/'Correction factors'!$B$10 -> 0 | G12: 288
A13: 3.132139 | B13: 0 | C13: =B13*'Correction factors'!$B$7 -> 0 | D13: 1.05893 | E13: 0 | F13: =E13/'Correction factors'!$B$10 -> 0 | G13: 292
... A286: 59.844564 | B286: 340 | C286: =B286*'Correction factors'!$B$7 -> 1645.26 | D286: 1.854479 | E286: 344 | F286: =E286/'Correction factors'!$B$10 -> 27.7436 | G286: 473

Sheet ResultNoPID
A1: Time (s) | B1: RPM as logged | C1: RPM corrected | D1: Pressure (Bar) | E1: Flow as logged (mislabelled L/m) | F1: Flow corrected (L/min) | G1: Servo Position
A2: 0.28964067 | B2: 0 | C2: =B2*'Correction factors'!$B$7 -> 0 | D2: 1.068751 | E2: 0 | F2: =E2/'Correction factors'!$B$10 -> 0 | G2: 510
A3: 0.28964067 | B3: 0 | C3: =B3*'Correction factors'!$B$7 -> 0 | D3: 1.068751 | E3: 0 | F3: =E3/'Correction factors'!$B$10 -> 0 | G3: 510
A4: 1.4019694 | B4: 0 | C4: =B4*'Correction factors'!$B$7 -> 0 | D4: 1.068751 | E4: 0 | F4: =E4/'Correction factors'!$B$10 -> 0 | G4: 510
A5: 1.8392012 | B5: 0 | C5: =B5*'Correction factors'!$B$7 -> 0 | D5: 1.05893 | E5: 0 | F5: =E5/'Correction factors'!$B$10 -> 0 | G5: 510
A6: 1.8392012 | B6: 0 | C6: =B6*'Correction factors'!$B$7 -> 0 | D6: 1.068751 | E6: 0 | F6: =E6/'Correction factors'!$B$10 -> 0 | G6: 510
A7: 2.3551657 | B7: 0 | C7: =B7*'Correction factors'!$B$7 -> 0 | D7: 1.049108 | E7: 0 | F7: =E7/'Correction factors'!$B$10 -> 0 | G7: 510
A8: 2.3551657 | B8: 0 | C8: =B8*'Correction factors'!$B$7 -> 0 | D8: 1.05893 | E8: 0 | F8: =E8/'Correction factors'!$B$10 -> 0 | G8: 510
A9: 2.3551657 | B9: 0 | C9: =B9*'Correction factors'!$B$7 -> 0 | D9: 1.05893 | E9: 0 | F9: =E9/'Correction factors'!$B$10 -> 0 | G9: 510
A10: 2.8201709 | B10: 0 | C10: =B10*'Correction factors'!$B$7 -> 0 | D10: 1.05893 | E10: 0 | F10: =E10/'Correction factors'!$B$10 -> 0 | G10: 510
A11: 2.8201709 | B11: 0 | C11: =B11*'Correction factors'!$B$7 -> 0 | D11: 1.05893 | E11: 0 | F11: =E11/'Correction factors'!$B$10 -> 0 | G11: 510
A12: 3.2685225 | B12: 0 | C12: =B12*'Correction factors'!$B$7 -> 0 | D12: 1.05893 | E12: 0 | F12: =E12/'Correction factors'!$B$10 -> 0 | G12: 509
A13: 3.2685225 | B13: 0 | C13: =B13*'Correction factors'!$B$7 -> 0 | D13: 1.05893 | E13: 0 | F13: =E13/'Correction factors'!$B$10 -> 0 | G13: 510
... A285: 59.650162 | B285: 240 | C285: =B285*'Correction factors'!$B$7 -> 1161.36 | D285: 1.638404 | E285: 320 | F285: =E285/'Correction factors'!$B$10 -> 25.808 | G285: 510

Sheet ResultNoPID2
A1: Time (s) | B1: RPM as logged | C1: RPM corrected | D1: Pressure (Bar) | E1: Flow as logged (mislabelled L/m) | F1: Flow corrected (L/min) | G1: Servo Position
A2: 1.439404 | B2: 0 | C2: =B2*'Correction factors'!$B$7 -> 0 | D2: 1.049108 | E2: 0 | F2: =E2/'Correction factors'!$B$10 -> 0 | G2: 510
A3: 1.8911691 | B3: 0 | C3: =B3*'Correction factors'!$B$7 -> 0 | D3: 1.05893 | E3: 0 | F3: =E3/'Correction factors'!$B$10 -> 0 | G3: 510
A4: 1.8911691 | B4: 0 | C4: =B4*'Correction factors'!$B$7 -> 0 | D4: 1.049108 | E4: 0 | F4: =E4/'Correction factors'!$B$10 -> 0 | G4: 510
A5: 1.8911691 | B5: 0 | C5: =B5*'Correction factors'!$B$7 -> 0 | D5: 1.05893 | E5: 0 | F5: =E5/'Correction factors'!$B$10 -> 0 | G5: 510
A6: 2.4336081 | B6: 0 | C6: =B6*'Correction factors'!$B$7 -> 0 | D6: 1.05893 | E6: 0 | F6: =E6/'Correction factors'!$B$10 -> 0 | G6: 510
A7: 2.4336081 | B7: 0 | C7: =B7*'Correction factors'!$B$7 -> 0 | D7: 1.05893 | E7: 0 | F7: =E7/'Correction factors'!$B$10 -> 0 | G7: 510
A8: 2.8577304 | B8: 0 | C8: =B8*'Correction factors'!$B$7 -> 0 | D8: 1.05893 | E8: 0 | F8: =E8/'Correction factors'!$B$10 -> 0 | G8: 510
A9: 2.8577304 | B9: 0 | C9: =B9*'Correction factors'!$B$7 -> 0 | D9: 1.049108 | E9: 0 | F9: =E9/'Correction factors'!$B$10 -> 0 | G9: 510
A10: 3.3029401 | B10: 0 | C10: =B10*'Correction factors'!$B$7 -> 0 | D10: 1.05893 | E10: 0 | F10: =E10/'Correction factors'!$B$10 -> 0 | G10: 510
A11: 3.3029401 | B11: 0 | C11: =B11*'Correction factors'!$B$7 -> 0 | D11: 1.05893 | E11: 0 | F11: =E11/'Correction factors'!$B$10 -> 0 | G11: 510
A12: 3.7603946 | B12: 0 | C12: =B12*'Correction factors'!$B$7 -> 0 | D12: 1.05893 | E12: 0 | F12: =E12/'Correction factors'!$B$10 -> 0 | G12: 510
A13: 3.7603946 | B13: 0 | C13: =B13*'Correction factors'!$B$7 -> 0 | D13: 1.05893 | E13: 0 | F13: =E13/'Correction factors'!$B$10 -> 0 | G13: 510
... A285: 59.997121 | B285: 280 | C285: =B285*'Correction factors'!$B$7 -> 1354.92 | D285: 1.67769 | E285: 328 | F285: =E285/'Correction factors'!$B$10 -> 26.4532 | G285: 510
